0, https://github.com/AnomalyInnovations/serverless-cd-demo-a1c8, JavaScript
0, https://github.com/AnomalyInnovations/sigV4Client, JavaScript
0, https://github.com/AnomalyInnovations/toolbeam-example-api, JavaScript
0, https://github.com/arengu/gatsby-plugin-arengu-forms, JavaScript
0, https://github.com/artilleryio/acme-corp-api-tests, JavaScript
0, https://github.com/artilleryio/artillery-examples, JavaScript
0, https://github.com/artilleryio/artillery-plugin-aws-sigv4, JavaScript
0, https://github.com/artilleryio/artillery-plugin-blessed, JavaScript
0, https://github.com/artilleryio/artillery-plugin-cloudwatch, JavaScript
0, https://github.com/artilleryio/artillery-plugin-ensure, JavaScript
0, https://github.com/artilleryio/artillery-plugin-influxdb, JavaScript
0, https://github.com/artilleryio/artillery-plugin-teamcity, JavaScript
0, https://github.com/artilleryio/artillery-xml-capture, JavaScript
0, https://github.com/artilleryio/repl, JavaScript
0, https://github.com/artilleryio/request, JavaScript
0, https://github.com/authzed/homebrew-tap, Ruby
0, https://github.com/authzed/react-redux-realworld-example-app, JavaScript
0, https://github.com/axios/karma-moxios, JavaScript
0, https://github.com/chatwoot/client-api-demo, JavaScript
0, https://github.com/chatwoot/docusaurus, JavaScript
0, https://github.com/chatwoot/gatsby-plugin-chatwoot, JavaScript
0, https://github.com/chatwoot/node, JavaScript
0, https://github.com/chatwoot/one-click-apps, JavaScript
0, https://github.com/chatwoot/twitty, Ruby
0, https://github.com/chatwoot/vue-emoji-picker, JavaScript
0, https://github.com/FifthTry/play, JavaScript
0, https://github.com/filamentgroup/jQuery-Equal-Heights, JavaScript
0, https://github.com/filamentgroup/jQuery-Slider, JavaScript
0, https://github.com/firezone/posthog-ruby, Ruby
0, https://github.com/getlago/lago-docs, JavaScript
0, https://github.com/getlago/lago-nodejs-client, JavaScript
0, https://github.com/getlago/lago-ruby-client, Ruby
0, https://github.com/github/albino, Ruby
0, https://github.com/github/developer.github.com, Ruby
0, https://github.com/github/gem-builder, Ruby
0, https://github.com/github/ghterm, JavaScript
0, https://github.com/github/github-services, Ruby
0, https://github.com/github/hubahuba, Ruby
0, https://github.com/github/jquery-hotkeys, JavaScript
0, https://github.com/github/jquery-relatize_date, JavaScript
0, https://github.com/github/node-statsd, JavaScript
0, https://github.com/github/request_timer, Ruby
0, https://github.com/github/safegem, Ruby
0, https://github.com/github/upload, Ruby
0, https://github.com/github/will_paginate_with_hotkeys, Ruby
0, https://github.com/infracost/docusaurus-plugin-plausible, JavaScript
0, https://github.com/JovianML/styled-themer, JavaScript
0, https://github.com/mayahq/action-electron-builder, JavaScript
0, https://github.com/mayahq/electron-log-loggly, JavaScript
0, https://github.com/mayahq/maya-red-gmail, JavaScript
0, https://github.com/mayahq/maya-red-twitter, JavaScript
0, https://github.com/mayahq/maya-red-whatsapp-bot, JavaScript
0, https://github.com/mayahq/nodejs-text-summarizer, JavaScript
0, https://github.com/mayahq/node-red, JavaScript
0, https://github.com/mindee/integration-zapier, JavaScript
0, https://github.com/mozdevs/gamedev-js-3d-aabb, JavaScript
0, https://github.com/mozdevs/gamedev-js-tiles, JavaScript
0, https://github.com/mozdevs/webfont-preloading, JavaScript
0, https://github.com/mozilla/FlightDeck, JavaScript
0, https://github.com/mozilla/mozmill, JavaScript
0, https://github.com/mozilla/openwebapps, JavaScript
0, https://github.com/mozilla/personas, JavaScript
0, https://github.com/muicss/javascript, JavaScript
0, https://github.com/muicss/js-seed, JavaScript
0, https://github.com/pabio/api-legacy, JavaScript
0, https://github.com/pabio/careers, JavaScript
0, https://github.com/pabio/cdn, JavaScript
0, https://github.com/pabio/hot-cakes, JavaScript
0, https://github.com/pabio/repo-health-bot, JavaScript
0, https://github.com/pabio/strapi, JavaScript
0, https://github.com/payloadcms/blog-rbac, JavaScript
0, https://github.com/Pluralith/pluralith-homebrew-tap, Ruby
0, https://github.com/serverless/boilerplate-googlecloudfunctions-nodejs, JavaScript
0, https://github.com/serverless/dashboard-download-redirect, JavaScript
0, https://github.com/serverless/extract-text-webpack-plugin, JavaScript
0, https://github.com/serverless/serverlessconf-workshop, JavaScript
0, https://github.com/serverless/serverless-raffle, JavaScript
0, https://github.com/sturdyfi/DefiLlama-Adapters, JavaScript
0, https://github.com/sturdyfi/yield-server, JavaScript
0, https://github.com/suitcss/component-builder-suit, JavaScript
0, https://github.com/suitcss/generator-suit, JavaScript
0, https://github.com/suitcss/preprocessor, JavaScript
0, https://github.com/suitcss/utils, JavaScript
0, https://github.com/suitcss/utils-offset, JavaScript
0, https://github.com/supabase/sql-formatter, JavaScript
0, https://github.com/svix/homebrew-svix, Ruby
0, https://github.com/svix/svix-fetch, JavaScript
0, https://github.com/twbs/bootlint-server, JavaScript
0, https://github.com/twbs/grunt-bootlint, JavaScript
0, https://github.com/windmill/tutorial, JavaScript
0, https://github.com/yatima-inc/substrate-front-end-template, JavaScript
1, https://github.com/AnomalyInnovations/serverless-stack-demo-mono-api, JavaScript
1, https://github.com/AnomalyInnovations/toolbeam-cli, JavaScript
1, https://github.com/arengu/react-arengu-forms, JavaScript
1, https://github.com/arengu/resources, JavaScript
1, https://github.com/artilleryio/artillery-plugin-profiler, JavaScript
1, https://github.com/authzed/authzed-rb, Ruby
1, https://github.com/chatwoot/prosemirror-schema, JavaScript
1, https://github.com/filamentgroup/Details, JavaScript
1, https://github.com/filamentgroup/jQuery-Tree-Control, JavaScript
1, https://github.com/filamentgroup/jQuery-UI-Date-Range-Picker, JavaScript
1, https://github.com/filamentgroup/RWD-Table-Patterns, JavaScript
1, https://github.com/growthbook/growthbook-ruby, Ruby
1, https://github.com/JovianML/react-top-loader, JavaScript
1, https://github.com/mayahq/mayadev, JavaScript
1, https://github.com/mindee/demo-Nodejs-SDK, JavaScript
1, https://github.com/mozilla/mozmill-dashboard, JavaScript
1, https://github.com/muicss/hookahjs, JavaScript
1, https://github.com/suitcss/rework-suit, JavaScript
1, https://github.com/twbs/grunt-css-flip, JavaScript
1, https://github.com/vuestorefront/docs.vuestorefront.io-v2, JavaScript
2, https://github.com/AnomalyInnovations/serverless-stack-demo-fb-login-client, JavaScript
2, https://github.com/artilleryio/artillery-plugin-expect, JavaScript
2, https://github.com/artilleryio/artillery-plugin-metrics-by-endpoint, JavaScript
2, https://github.com/chatwoot/dialogflow-agent-bot-demo, Ruby
2, https://github.com/infracost/docs, JavaScript
2, https://github.com/serverless/serverless-slackbot, JavaScript
2, https://github.com/serverless/serverless-starter, JavaScript
2, https://github.com/svix/svix-docs, JavaScript
2, https://github.com/twbs/stylelint-config-twbs-bootstrap, JavaScript
3, https://github.com/artilleryio/artillery-engine-kinesis, JavaScript
3, https://github.com/artilleryio/artillery-plugin-hls, JavaScript
3, https://github.com/filamentgroup/jQuery-Collapsible-Content, JavaScript
3, https://github.com/infracost/actions, JavaScript
3, https://github.com/mozdevs/js-for-gamedev, JavaScript
3, https://github.com/mozdevs/mediaDevices-getUserMedia-polyfill, JavaScript
3, https://github.com/muicss/johnnydepp, JavaScript
3, https://github.com/serverless/fdk, JavaScript
3, https://github.com/serverless/plugins, JavaScript
3, https://github.com/serverless/serverless-swagger-plugin, JavaScript
3, https://github.com/suitcss/stylelint-config-suitcss, JavaScript
4, https://github.com/artilleryio/artillery-plugin-fuzzer, JavaScript
4, https://github.com/filamentgroup/jQuery-Preload-CSS-Images, JavaScript
4, https://github.com/filamentgroup/Southstreet, JavaScript
4, https://github.com/mindee/demo-plates-DVLA, JavaScript
4, https://github.com/serverless/serverless-helpers-js, JavaScript
4, https://github.com/serverless/serverless-plugin-boilerplate, JavaScript
4, https://github.com/suitcss/rework-suit-conformance, JavaScript
4, https://github.com/vuestorefront/redis-driver, JavaScript
5, https://github.com/artilleryio/arrivals, JavaScript
5, https://github.com/artilleryio/artillery-plugin-publish-metrics, JavaScript
5, https://github.com/athensresearch/docs, JavaScript
5, https://github.com/filamentgroup/jQuery-File-Download, JavaScript
5, https://github.com/serverless/aws-event-mocks, JavaScript
5, https://github.com/serverless/serverless-secrets-plugin, JavaScript
5, https://github.com/twbs/bootstrap-server, JavaScript
6, https://github.com/filamentgroup/EnhanceJS, JavaScript
6, https://github.com/firezone/website, JavaScript
6, https://github.com/github/statsd-ruby, Ruby
6, https://github.com/mozdevs/servo-experiments, JavaScript
6, https://github.com/mozdevs/WebAudio-examples, JavaScript
6, https://github.com/twbs/mq4-hover-shim, JavaScript
7, https://github.com/artilleryio/artillery-plugin-statsd, JavaScript
7, https://github.com/chatwoot/chatwoot-react-native-widget, JavaScript
7, https://github.com/flatpickr/flatpickr.github.io, JavaScript
7, https://github.com/mozdevs/boo, JavaScript
8, https://github.com/github/rails, Ruby
8, https://github.com/muicss/sentineljs, JavaScript
9, https://github.com/chatwoot/chatwoot-hooks, Ruby
9, https://github.com/filamentgroup/Ajax-Include-Pattern, JavaScript
9, https://github.com/filamentgroup/enhance, JavaScript
9, https://github.com/filamentgroup/jqm-pagination, JavaScript
9, https://github.com/pabio/tracker, JavaScript
9, https://github.com/serverless/serverless-graphql-blog, JavaScript
10, https://github.com/filamentgroup/jQuery-Custom-File-Input, JavaScript
10, https://github.com/serverless/serverless-slack, JavaScript
11, https://github.com/AnomalyInnovations/serverless-lerna-yarn-starter, JavaScript
11, https://github.com/filamentgroup/jQuery-Visualize, JavaScript
11, https://github.com/serverless/serverless-meta-sync, JavaScript
12, https://github.com/AnomalyInnovations/serverless-stack-demo-ext-resources, JavaScript
12, https://github.com/axios/moxios, JavaScript
13, https://github.com/filamentgroup/Responsive-Images, JavaScript
13, https://github.com/getlago/lago-api, Ruby
13, https://github.com/mindee/mindee-api-nodejs, JavaScript
13, https://github.com/mozdevs/MediaRecorder-examples, JavaScript
13, https://github.com/serverless/serverless-runtime-babel, JavaScript
13, https://github.com/supabase/realtime-js, JavaScript
14, https://github.com/AnomalyInnovations/serverless-stack-demo-user-mgmt-client, JavaScript
15, https://github.com/axios/axios-docs, JavaScript
15, https://github.com/vuestorefront/magento2-rest-client, JavaScript
16, https://github.com/AnomalyInnovations/serverless-stack-demo-api, JavaScript
16, https://github.com/arengu/modal-forms-js, JavaScript
16, https://github.com/serverless/serverless-babel-plugin, JavaScript
17, https://github.com/arengu/documentation, JavaScript
17, https://github.com/argoproj/argo-site, JavaScript
18, https://github.com/artilleryio/chaos-lambda, JavaScript
18, https://github.com/filamentgroup/shoestring, JavaScript
19, https://github.com/AnomalyInnovations/aws-api-gateway-cli-test, JavaScript
21, https://github.com/vuestorefront/mage2vuestorefront, JavaScript
22, https://github.com/AnomalyInnovations/serverless-stack-demo-ext-api, JavaScript
23, https://github.com/elementary/appcenter-web, Ruby
24, https://github.com/artilleryio/artillery-core, JavaScript
25, https://github.com/mozdevs/html5-games-workshop, JavaScript
26, https://github.com/AnomalyInnovations/serverless-stack-demo-client, JavaScript
26, https://github.com/serverless/serverless-optimizer-plugin, JavaScript
31, https://github.com/AnomalyInnovations/serverless-nodejs-starter, JavaScript
31, https://github.com/github/email_reply_parser, Ruby
31, https://github.com/supabase/repository.surf, JavaScript
35, https://github.com/serverless/serverless-openwhisk, JavaScript
37, https://github.com/muicss/loadjs, JavaScript
37, https://github.com/serverless/blog, JavaScript
39, https://github.com/serverless/serverless-client-s3, JavaScript
46, https://github.com/chatwoot/docs, JavaScript
47, https://github.com/twbs/bootlint, JavaScript
51, https://github.com/windmill/windmill, JavaScript
60, https://github.com/chatwoot/chatwoot-mobile-app, JavaScript
63, https://github.com/filamentgroup/Overthrow, JavaScript
76, https://github.com/muicss/mui, JavaScript
89, https://github.com/vuestorefront/storefront-ui, JavaScript
93, https://github.com/serverless/serverless-google-cloudfunctions, JavaScript
103, https://github.com/github/linguist, Ruby
105, https://github.com/vuestorefront/vue-storefront-api, JavaScript
141, https://github.com/mozilla/popcorn-js, JavaScript
150, https://github.com/axios/axios, JavaScript
155, https://github.com/serverless/examples, JavaScript
156, https://github.com/AnomalyInnovations/serverless-bundle, JavaScript
181, https://github.com/serverless/serverless-graphql, JavaScript
208, https://github.com/github/markup, Ruby
340, https://github.com/artilleryio/artillery, JavaScript
379, https://github.com/twbs/bootstrap, JavaScript
636, https://github.com/chatwoot/chatwoot, Ruby
925, https://github.com/serverless/serverless, JavaScript
