669, https://github.com/chatwoot/chatwoot, Ruby
341, https://github.com/artilleryio/artillery, JavaScript
157, https://github.com/AnomalyInnovations/serverless-bundle, JavaScript
105, https://github.com/vuestorefront/vue-storefront-api, JavaScript
85, https://github.com/vuestorefront/storefront-ui, JavaScript
76, https://github.com/dyte-in/javascript-sample-app, JavaScript
63, https://github.com/filamentgroup/Overthrow, JavaScript
62, https://github.com/chatwoot/chatwoot-mobile-app, JavaScript
60, https://github.com/awslabs/amazon-kinesis-client-nodejs, JavaScript
56, https://github.com/awslabs/aws-lambda-redshift-loader, JavaScript
51, https://github.com/chatwoot/docs, JavaScript
31, https://github.com/supabase/repository.surf, JavaScript
31, https://github.com/AnomalyInnovations/serverless-nodejs-starter, JavaScript
26, https://github.com/pyroscope-io/docs, JavaScript
26, https://github.com/AnomalyInnovations/serverless-stack-demo-client, JavaScript
24, https://github.com/artilleryio/artillery-core, JavaScript
22, https://github.com/AnomalyInnovations/serverless-stack-demo-ext-api, JavaScript
21, https://github.com/vuestorefront/mage2vuestorefront, JavaScript
20, https://github.com/awslabs/amazon-kinesis-client-ruby, Ruby
19, https://github.com/AnomalyInnovations/aws-api-gateway-cli-test, JavaScript
18, https://github.com/filamentgroup/shoestring, JavaScript
18, https://github.com/artilleryio/chaos-lambda, JavaScript
17, https://github.com/arengu/documentation, JavaScript
16, https://github.com/argoproj/argo-site, JavaScript
16, https://github.com/arengu/modal-forms-js, JavaScript
16, https://github.com/AnomalyInnovations/serverless-stack-demo-api, JavaScript
15, https://github.com/vuestorefront/magento2-rest-client, JavaScript
14, https://github.com/AnomalyInnovations/serverless-stack-demo-user-mgmt-client, JavaScript
13, https://github.com/filamentgroup/Responsive-Images, JavaScript
12, https://github.com/mindee/mindee-api-nodejs, JavaScript
12, https://github.com/getlago/lago-api, Ruby
12, https://github.com/AnomalyInnovations/serverless-stack-demo-ext-resources, JavaScript
11, https://github.com/filamentgroup/jQuery-Visualize, JavaScript
11, https://github.com/AnomalyInnovations/serverless-lerna-yarn-starter, JavaScript
10, https://github.com/supabase/realtime-js, JavaScript
10, https://github.com/filamentgroup/jQuery-Custom-File-Input, JavaScript
9, https://github.com/pabio/tracker, JavaScript
9, https://github.com/filamentgroup/jqm-pagination, JavaScript
9, https://github.com/filamentgroup/enhance, JavaScript
9, https://github.com/filamentgroup/Ajax-Include-Pattern, JavaScript
9, https://github.com/chatwoot/chatwoot-hooks, Ruby
8, https://github.com/tuva-health/docs, JavaScript
7, https://github.com/flatpickr/flatpickr.github.io, JavaScript
7, https://github.com/chatwoot/chatwoot-react-native-widget, JavaScript
7, https://github.com/awslabs/aws-fluent-plugin-kinesis, Ruby
7, https://github.com/artilleryio/artillery-plugin-statsd, JavaScript
6, https://github.com/pyroscope-io/pyroscope-ruby, Ruby
6, https://github.com/filamentgroup/EnhanceJS, JavaScript
5, https://github.com/filamentgroup/jQuery-File-Download, JavaScript
5, https://github.com/athensresearch/docs, JavaScript
5, https://github.com/artilleryio/artillery-plugin-publish-metrics, JavaScript
5, https://github.com/artilleryio/arrivals, JavaScript
4, https://github.com/vuestorefront/redis-driver, JavaScript
4, https://github.com/mindee/demo-plates-DVLA, JavaScript
4, https://github.com/filamentgroup/Southstreet, JavaScript
4, https://github.com/filamentgroup/jQuery-Preload-CSS-Images, JavaScript
4, https://github.com/artilleryio/artillery-plugin-fuzzer, JavaScript
3, https://github.com/getlago/lago-docs, JavaScript
3, https://github.com/filamentgroup/jQuery-Collapsible-Content, JavaScript
3, https://github.com/artilleryio/artillery-plugin-hls, JavaScript
3, https://github.com/artilleryio/artillery-engine-kinesis, JavaScript
2, https://github.com/serverless-stack/examples, JavaScript
2, https://github.com/getlago/lago-nodejs-client, JavaScript
2, https://github.com/chatwoot/dialogflow-agent-bot-demo, Ruby
2, https://github.com/artilleryio/artillery-plugin-metrics-by-endpoint, JavaScript
2, https://github.com/artilleryio/artillery-plugin-expect, JavaScript
2, https://github.com/AnomalyInnovations/serverless-stack-demo-fb-login-client, JavaScript
1, https://github.com/windmill-labs/windmilldocs, JavaScript
1, https://github.com/wasp-lang/wasp-bot, JavaScript
1, https://github.com/vuestorefront/docs.vuestorefront.io-v2, JavaScript
1, https://github.com/svix/svix-docs, JavaScript
1, https://github.com/serverless-stack/lerna-yarn-starter, JavaScript
1, https://github.com/pyroscope-io/homebrew-brew, Ruby
1, https://github.com/pyroscope-io/grafana-panel-plugin, JavaScript
1, https://github.com/pyroscope-io/grafana-datasource-plugin, JavaScript
1, https://github.com/mindee/demo-Nodejs-SDK, JavaScript
1, https://github.com/mayahq/mayadev, JavaScript
1, https://github.com/JovianML/react-top-loader, JavaScript
1, https://github.com/infracost/docs, JavaScript
1, https://github.com/growthbook/growthbook-ruby, Ruby
1, https://github.com/getlago/lago-ruby-client, Ruby
1, https://github.com/filamentgroup/RWD-Table-Patterns, JavaScript
1, https://github.com/filamentgroup/jQuery-UI-Date-Range-Picker, JavaScript
1, https://github.com/filamentgroup/jQuery-Tree-Control, JavaScript
1, https://github.com/filamentgroup/Details, JavaScript
1, https://github.com/enso-org/luna-logo, JavaScript
1, https://github.com/chatwoot/prosemirror-schema, JavaScript
1, https://github.com/chatwoot/node, JavaScript
1, https://github.com/awslabs/aws-codepipeline-jenkins-aws-codedeploy_linux, Ruby
1, https://github.com/authzed/authzed-rb, Ruby
1, https://github.com/artilleryio/artillery-plugin-profiler, JavaScript
1, https://github.com/arengu/react-arengu-forms, JavaScript
1, https://github.com/AnomalyInnovations/toolbeam-cli, JavaScript
1, https://github.com/AnomalyInnovations/serverless-stack-demo-mono-api, JavaScript
0, https://github.com/yatima-inc/substrate-front-end-template, JavaScript
0, https://github.com/wasp-lang/web, JavaScript
0, https://github.com/wasp-lang/prisma-day-2021, JavaScript
0, https://github.com/warrant-dev/warrant-ruby, Ruby
0, https://github.com/warrant-dev/warrant-demo-app-ts, JavaScript
0, https://github.com/warrant-dev/plugin-image-zoom, JavaScript
0, https://github.com/warrant-dev/homebrew-warrant, Ruby
0, https://github.com/svix/svix-fetch, JavaScript
0, https://github.com/svix/homebrew-svix, Ruby
0, https://github.com/supabase/sql-formatter, JavaScript
0, https://github.com/sturdyfi/yield-server, JavaScript
0, https://github.com/sturdyfi/DefiLlama-Adapters, JavaScript
0, https://github.com/sturdy-dev/homebrew-tap, Ruby
0, https://github.com/serverless-stack/sst-start-demo, JavaScript
0, https://github.com/serverless-stack/social-cards, JavaScript
0, https://github.com/serverless-stack/slack-support, JavaScript
0, https://github.com/serverless-stack/serverless-stack-resources-sample, JavaScript
0, https://github.com/serverless-stack/demo-notes-app, JavaScript
0, https://github.com/pyroscope-io/hotrod-ruby, Ruby
0, https://github.com/pyroscope-io/heroku-buildpack-ruby, Ruby
0, https://github.com/pyroscope-io/grafana-plugin-repository, JavaScript
0, https://github.com/pyroscope-io/flame-graph, JavaScript
0, https://github.com/Pluralith/pluralith-homebrew-tap, Ruby
0, https://github.com/payloadcms/plugin-cloud-storage, JavaScript
0, https://github.com/payloadcms/blog-rbac, JavaScript
0, https://github.com/pabio/strapi, JavaScript
0, https://github.com/pabio/repo-health-bot, JavaScript
0, https://github.com/pabio/hot-cakes, JavaScript
0, https://github.com/pabio/cdn, JavaScript
0, https://github.com/pabio/careers, JavaScript
0, https://github.com/pabio/api-legacy, JavaScript
0, https://github.com/nullstone-io/rails6-webapp-quickstart, Ruby
0, https://github.com/nullstone-io/rails6-api-quickstart, Ruby
0, https://github.com/nullstone-io/node-express-quickstart, JavaScript
0, https://github.com/nullstone-io/jokes-api, Ruby
0, https://github.com/mindee/mindee-api-ruby, Ruby
0, https://github.com/mindee/integration-zapier, JavaScript
0, https://github.com/mayahq/node-red, JavaScript
0, https://github.com/mayahq/nodejs-text-summarizer, JavaScript
0, https://github.com/mayahq/maya-red-whatsapp-bot, JavaScript
0, https://github.com/mayahq/maya-red-twitter, JavaScript
0, https://github.com/mayahq/maya-red-gmail, JavaScript
0, https://github.com/mayahq/electron-log-loggly, JavaScript
0, https://github.com/mayahq/action-electron-builder, JavaScript
0, https://github.com/lunatic-solutions/homebrew-lunatic, Ruby
0, https://github.com/JovianML/styled-themer, JavaScript
0, https://github.com/infrahq/homebrew-tap, Ruby
0, https://github.com/infracost/docusaurus-plugin-plausible, JavaScript
0, https://github.com/infracost/actions, JavaScript
0, https://github.com/hyperbeam/threejs-example, JavaScript
0, https://github.com/frain-dev/indexer, JavaScript
0, https://github.com/frain-dev/homebrew-tools, Ruby
0, https://github.com/frain-dev/convoy.rb, Ruby
0, https://github.com/firezone/posthog-ruby, Ruby
0, https://github.com/filamentgroup/jQuery-Slider, JavaScript
0, https://github.com/filamentgroup/jQuery-Equal-Heights, JavaScript
0, https://github.com/FifthTry/play, JavaScript
0, https://github.com/enso-org/basegl-template, JavaScript
0, https://github.com/dyte-in/vanilla-js-ui-kit-sample-app, JavaScript
0, https://github.com/dyte-in/upload-to-vimeo-lambda, JavaScript
0, https://github.com/dyte-in/pr-lint-body, JavaScript
0, https://github.com/dyte-in/pr-lint-action, JavaScript
0, https://github.com/dyte-in/docs, JavaScript
0, https://github.com/drifting-in-space/node-hello-world, JavaScript
0, https://github.com/drifting-in-space/duckdb-demo, JavaScript
0, https://github.com/drifting-in-space/demo-image-hello-world, JavaScript
0, https://github.com/drifting-in-space/aper.dev, JavaScript
0, https://github.com/chatwoot/vue-emoji-picker, JavaScript
0, https://github.com/chatwoot/twitty, Ruby
0, https://github.com/chatwoot/one-click-apps, JavaScript
0, https://github.com/chatwoot/gatsby-plugin-chatwoot, JavaScript
0, https://github.com/chatwoot/docusaurus, JavaScript
0, https://github.com/chatwoot/client-api-demo, JavaScript
0, https://github.com/chatbiz-id/wilayah-indonesia, JavaScript
0, https://github.com/chatbiz-id/serverless-aws-dynamodb-boilerplate, JavaScript
0, https://github.com/awslabs/AWSCodePipeline-Jenkins-AWSCodeDeploy_Windows, Ruby
0, https://github.com/authzed/react-redux-realworld-example-app, JavaScript
0, https://github.com/authzed/homebrew-tap, Ruby
0, https://github.com/artilleryio/request, JavaScript
0, https://github.com/artilleryio/repl, JavaScript
0, https://github.com/artilleryio/artillery-xml-capture, JavaScript
0, https://github.com/artilleryio/artillery-plugin-teamcity, JavaScript
0, https://github.com/artilleryio/artillery-plugin-influxdb, JavaScript
0, https://github.com/artilleryio/artillery-plugin-ensure, JavaScript
0, https://github.com/artilleryio/artillery-plugin-cloudwatch, JavaScript
0, https://github.com/artilleryio/artillery-plugin-blessed, JavaScript
0, https://github.com/artilleryio/artillery-plugin-aws-sigv4, JavaScript
0, https://github.com/artilleryio/artillery-examples, JavaScript
0, https://github.com/artilleryio/acme-corp-api-tests, JavaScript
0, https://github.com/arengu/resources, JavaScript
0, https://github.com/arengu/gatsby-plugin-arengu-forms, JavaScript
0, https://github.com/AnomalyInnovations/toolbeam-example-api, JavaScript
0, https://github.com/AnomalyInnovations/sigV4Client, JavaScript
0, https://github.com/AnomalyInnovations/serverless-cd-demo-a1c8, JavaScript
